"0","temp_files <- paste0(""Datasets/"", list.files(path = ""Datasets"", pattern = "".csv""))"
"0","temp_files"
"1"," [1]"
"1"," ""Datasets/dataset_1.csv"" "
"1"," ""Datasets/dataset_10.csv"""
"1"," ""Datasets/dataset_2.csv"" "
"1","
"
"1"," [4]"
"1"," ""Datasets/dataset_3.csv"" "
"1"," ""Datasets/dataset_4.csv"" "
"1"," ""Datasets/dataset_5.csv"" "
"1","
"
"1"," [7]"
"1"," ""Datasets/dataset_6.csv"" "
"1"," ""Datasets/dataset_7.csv"" "
"1"," ""Datasets/dataset_8.csv"" "
"1","
"
"1","[10]"
"1"," ""Datasets/dataset_9.csv"" "
"1","
"
